{
  "ai_boundary_threshold_clean_n_splice": 600.0,
  "ai_boundary_threshold_clean_n_real": 0.0,
  "ai_boundary_threshold_clean_f1": 0.9169848741818437,
  "ai_boundary_threshold_clean_f1_mean": 0.7792135898556011,
  "ai_boundary_threshold_clean_f1_tiny": 0.9047117760331274,
  "ai_boundary_threshold_clean_f1_small": 0.8939990981983571,
  "ai_boundary_threshold_clean_f1_medium": 0.913998258682403,
  "ai_boundary_threshold_clean_f1_large": 0.9403730534813308,
  "ai_boundary_threshold_jpeg_90_n_splice": 600.0,
  "ai_boundary_threshold_jpeg_90_n_real": 0.0,
  "ai_boundary_threshold_jpeg_90_f1": 0.9109442483806589,
  "ai_boundary_threshold_jpeg_90_f1_mean": 0.7486025738878131,
  "ai_boundary_threshold_jpeg_90_f1_tiny": 0.8816217320794342,
  "ai_boundary_threshold_jpeg_90_f1_small": 0.876112997245532,
  "ai_boundary_threshold_jpeg_90_f1_medium": 0.9102438670870022,
  "ai_boundary_threshold_jpeg_90_f1_large": 0.9411201020862536,
  "ai_boundary_threshold_jpeg_70_n_splice": 600.0,
  "ai_boundary_threshold_jpeg_70_n_real": 0.0,
  "ai_boundary_threshold_jpeg_70_f1": 0.8777811436908662,
  "ai_boundary_threshold_jpeg_70_f1_mean": 0.6806137238136484,
  "ai_boundary_threshold_jpeg_70_f1_tiny": 0.8674963137890499,
  "ai_boundary_threshold_jpeg_70_f1_small": 0.8250677395516873,
  "ai_boundary_threshold_jpeg_70_f1_medium": 0.867958158543831,
  "ai_boundary_threshold_jpeg_70_f1_large": 0.936499799190567,
  "ai_boundary_threshold_jpeg_50_n_splice": 600.0,
  "ai_boundary_threshold_jpeg_50_n_real": 0.0,
  "ai_boundary_threshold_jpeg_50_f1": 0.841794526978101,
  "ai_boundary_threshold_jpeg_50_f1_mean": 0.6017636464164332,
  "ai_boundary_threshold_jpeg_50_f1_tiny": 0.8114110368777673,
  "ai_boundary_threshold_jpeg_50_f1_small": 0.668685780948535,
  "ai_boundary_threshold_jpeg_50_f1_medium": 0.8205612314813405,
  "ai_boundary_threshold_jpeg_50_f1_large": 0.9402263751805784,
  "ai_boundary_threshold_jpeg_30_n_splice": 600.0,
  "ai_boundary_threshold_jpeg_30_n_real": 0.0,
  "ai_boundary_threshold_jpeg_30_f1": 0.7637806040399888,
  "ai_boundary_threshold_jpeg_30_f1_mean": 0.5328618395626935,
  "ai_boundary_threshold_jpeg_30_f1_tiny": 0.4556796737155616,
  "ai_boundary_threshold_jpeg_30_f1_small": 0.30617022883468015,
  "ai_boundary_threshold_jpeg_30_f1_medium": 0.7744619771309973,
  "ai_boundary_threshold_jpeg_30_f1_large": 0.9248154270926466,
  "ai_interior_threshold_clean_n_splice": 350.0,
  "ai_interior_threshold_clean_n_real": 0.0,
  "ai_interior_threshold_clean_f1": 0.3379167541035616,
  "ai_interior_threshold_clean_f1_mean": 0.4311520874138216,
  "ai_interior_threshold_clean_f1_small": 0.0,
  "ai_interior_threshold_clean_f1_medium": 0.19558692362707852,
  "ai_interior_threshold_clean_f1_large": 0.9809831887168032,
  "ai_interior_threshold_jpeg_90_n_splice": 350.0,
  "ai_interior_threshold_jpeg_90_n_real": 0.0,
  "ai_interior_threshold_jpeg_90_f1": 0.16741639316037055,
  "ai_interior_threshold_jpeg_90_f1_mean": 0.38218231747120174,
  "ai_interior_threshold_jpeg_90_f1_small": 0.0,
  "ai_interior_threshold_jpeg_90_f1_medium": 0.06669087541688257,
  "ai_interior_threshold_jpeg_90_f1_large": 0.9217170045692784,
  "ai_interior_threshold_jpeg_70_n_splice": 350.0,
  "ai_interior_threshold_jpeg_70_n_real": 0.0,
  "ai_interior_threshold_jpeg_70_f1": 0.0,
  "ai_interior_threshold_jpeg_70_f1_mean": 0.28740278980521106,
  "ai_interior_threshold_jpeg_70_f1_small": 0.0,
  "ai_interior_threshold_jpeg_70_f1_medium": 0.0,
  "ai_interior_threshold_jpeg_70_f1_large": 0.9149688617229876,
  "ai_interior_threshold_jpeg_50_n_splice": 350.0,
  "ai_interior_threshold_jpeg_50_n_real": 0.0,
  "ai_interior_threshold_jpeg_50_f1": 0.0,
  "ai_interior_threshold_jpeg_50_f1_mean": 0.22554660325203046,
  "ai_interior_threshold_jpeg_50_f1_small": 0.0,
  "ai_interior_threshold_jpeg_50_f1_medium": 0.0,
  "ai_interior_threshold_jpeg_50_f1_large": 0.6431106846161145,
  "ai_interior_threshold_jpeg_30_n_splice": 350.0,
  "ai_interior_threshold_jpeg_30_n_real": 0.0,
  "ai_interior_threshold_jpeg_30_f1": 0.0,
  "ai_interior_threshold_jpeg_30_f1_mean": 0.19894949654582128,
  "ai_interior_threshold_jpeg_30_f1_small": 0.0,
  "ai_interior_threshold_jpeg_30_f1_medium": 0.0,
  "ai_interior_threshold_jpeg_30_f1_large": 0.3443522358620821,
  "fr_bg_matched_threshold_clean_n_splice": 0.0,
  "fr_bg_matched_threshold_clean_n_real": 300.0,
  "fr_bg_matched_threshold_jpeg_90_n_splice": 0.0,
  "fr_bg_matched_threshold_jpeg_90_n_real": 300.0,
  "fr_bg_matched_threshold_jpeg_70_n_splice": 0.0,
  "fr_bg_matched_threshold_jpeg_70_n_real": 300.0,
  "fr_bg_matched_threshold_jpeg_50_n_splice": 0.0,
  "fr_bg_matched_threshold_jpeg_50_n_real": 300.0,
  "fr_bg_matched_threshold_jpeg_30_n_splice": 0.0,
  "fr_bg_matched_threshold_jpeg_30_n_real": 300.0,
  "real_crop_threshold_clean_n_splice": 0.0,
  "real_crop_threshold_clean_n_real": 350.0,
  "real_crop_threshold_jpeg_90_n_splice": 0.0,
  "real_crop_threshold_jpeg_90_n_real": 350.0,
  "real_crop_threshold_jpeg_70_n_splice": 0.0,
  "real_crop_threshold_jpeg_70_n_real": 350.0,
  "real_crop_threshold_jpeg_50_n_splice": 0.0,
  "real_crop_threshold_jpeg_50_n_real": 350.0,
  "real_crop_threshold_jpeg_30_n_splice": 0.0,
  "real_crop_threshold_jpeg_30_n_real": 350.0,
  "sp_boundary_threshold_clean_n_splice": 300.0,
  "sp_boundary_threshold_clean_n_real": 0.0,
  "sp_boundary_threshold_clean_f1": 0.03012856746487551,
  "sp_boundary_threshold_clean_f1_mean": 0.3055711602403526,
  "sp_boundary_threshold_clean_f1_tiny": 0.059673835527646615,
  "sp_boundary_threshold_clean_f1_small": 0.05196651124092146,
  "sp_boundary_threshold_clean_f1_medium": 0.002536730940354415,
  "sp_boundary_threshold_clean_f1_large": 0.029372029817060573,
  "sp_boundary_threshold_jpeg_90_n_splice": 300.0,
  "sp_boundary_threshold_jpeg_90_n_real": 0.0,
  "sp_boundary_threshold_jpeg_90_f1": 0.019088984200717807,
  "sp_boundary_threshold_jpeg_90_f1_mean": 0.2938735857005901,
  "sp_boundary_threshold_jpeg_90_f1_tiny": 0.03728146622388358,
  "sp_boundary_threshold_jpeg_90_f1_small": 0.013974429766809668,
  "sp_boundary_threshold_jpeg_90_f1_medium": 0.0033158567158613254,
  "sp_boundary_threshold_jpeg_90_f1_large": 0.0,
  "sp_boundary_threshold_jpeg_70_n_splice": 300.0,
  "sp_boundary_threshold_jpeg_70_n_real": 0.0,
  "sp_boundary_threshold_jpeg_70_f1": 0.0,
  "sp_boundary_threshold_jpeg_70_f1_mean": 0.25179690742905547,
  "sp_boundary_threshold_jpeg_70_f1_tiny": 0.012246804601699586,
  "sp_boundary_threshold_jpeg_70_f1_small": 0.0,
  "sp_boundary_threshold_jpeg_70_f1_medium": 0.0,
  "sp_boundary_threshold_jpeg_70_f1_large": 0.017391023258069207,
  "sp_boundary_threshold_jpeg_50_n_splice": 300.0,
  "sp_boundary_threshold_jpeg_50_n_real": 0.0,
  "sp_boundary_threshold_jpeg_50_f1": 0.0,
  "sp_boundary_threshold_jpeg_50_f1_mean": 0.22644918238543715,
  "sp_boundary_threshold_jpeg_50_f1_tiny": 0.0015620371118472436,
  "sp_boundary_threshold_jpeg_50_f1_small": 0.0,
  "sp_boundary_threshold_jpeg_50_f1_medium": 0.0,
  "sp_boundary_threshold_jpeg_50_f1_large": 0.007325655790147153,
  "sp_boundary_threshold_jpeg_30_n_splice": 300.0,
  "sp_boundary_threshold_jpeg_30_n_real": 0.0,
  "sp_boundary_threshold_jpeg_30_f1": 0.0,
  "sp_boundary_threshold_jpeg_30_f1_mean": 0.20119880695349715,
  "sp_boundary_threshold_jpeg_30_f1_tiny": 0.0,
  "sp_boundary_threshold_jpeg_30_f1_small": 0.0,
  "sp_boundary_threshold_jpeg_30_f1_medium": 0.0,
  "sp_boundary_threshold_jpeg_30_f1_large": 0.0,
  "sp_interior_threshold_clean_n_splice": 120.0,
  "sp_interior_threshold_clean_n_real": 0.0,
  "sp_interior_threshold_clean_f1": 0.0,
  "sp_interior_threshold_clean_f1_mean": 0.08932873179284083,
  "sp_interior_threshold_clean_f1_tiny": 0.0,
  "sp_interior_threshold_clean_f1_small": 0.0,
  "sp_interior_threshold_clean_f1_medium": 0.0,
  "sp_interior_threshold_clean_f1_large": 0.0,
  "sp_interior_threshold_jpeg_90_n_splice": 120.0,
  "sp_interior_threshold_jpeg_90_n_real": 0.0,
  "sp_interior_threshold_jpeg_90_f1": 0.0,