{
  "image_auc": 0.9898562975486052,
  "f1_median": 0.8010655229951427,
  "f1_mean": 0.7146184153959824,
  "iou_median": 0.668147949661309,
  "iou_mean": 0.6135905760246368,
  "precision_median": 0.8385092754530853,
  "precision_mean": 0.7160320656748809,
  "recall_median": 0.9345393424523348,
  "recall_mean": 0.8162487471625238,
  "reals_acc": 0.5629333646662649,
  "bucket_tiny_f1_median": 0.7363061606724788,
  "bucket_small_f1_median": 0.7904386965132496,
  "bucket_medium_f1_median": 0.8457155176750724,
  "bucket_large_f1_median": 0.8429689949546635
}