{
  "image_auc": 0.9896060417315478,
  "f1_median": 0.7775789763215355,
  "f1_mean": 0.687969453901921,
  "iou_median": 0.6360997438503169,
  "iou_mean": 0.5823743103818764,
  "precision_median": 0.8232051848939523,
  "precision_mean": 0.7095685001049746,
  "recall_median": 0.9215700512855736,
  "recall_mean": 0.7860470059439546,
  "reals_acc": 0.589482566645612,
  "bucket_tiny_f1_median": 0.658698230977353,
  "bucket_small_f1_median": 0.7654418303608075,
  "bucket_medium_f1_median": 0.8317684894005892,
  "bucket_large_f1_median": 0.7962856926362983
}