{
  "ai_boundary_kmeans_clean_n_splice": 600.0,
  "ai_boundary_kmeans_clean_n_real": 0.0,
  "ai_boundary_kmeans_clean_f1": 0.9625172664211965,
  "ai_boundary_kmeans_clean_f1_mean": 0.8842515981476572,
  "ai_boundary_kmeans_clean_f1_tiny": 0.9617282170772072,
  "ai_boundary_kmeans_clean_f1_small": 0.955150240627654,
  "ai_boundary_kmeans_clean_f1_medium": 0.9647704034207102,
  "ai_boundary_kmeans_clean_f1_large": 0.9720021878222056,
  "ai_boundary_kmeans_jpeg_90_n_splice": 600.0,
  "ai_boundary_kmeans_jpeg_90_n_real": 0.0,
  "ai_boundary_kmeans_jpeg_90_f1": 0.9571168051522703,
  "ai_boundary_kmeans_jpeg_90_f1_mean": 0.8588613426169394,
  "ai_boundary_kmeans_jpeg_90_f1_tiny": 0.956270305816094,
  "ai_boundary_kmeans_jpeg_90_f1_small": 0.9387825606301389,
  "ai_boundary_kmeans_jpeg_90_f1_medium": 0.9619118745332338,
  "ai_boundary_kmeans_jpeg_90_f1_large": 0.9719548052598269,
  "ai_boundary_kmeans_jpeg_70_n_splice": 600.0,
  "ai_boundary_kmeans_jpeg_70_n_real": 0.0,
  "ai_boundary_kmeans_jpeg_70_f1": 0.9424354378495552,
  "ai_boundary_kmeans_jpeg_70_f1_mean": 0.8269927430997621,
  "ai_boundary_kmeans_jpeg_70_f1_tiny": 0.9284536224211795,
  "ai_boundary_kmeans_jpeg_70_f1_small": 0.9036545909503849,
  "ai_boundary_kmeans_jpeg_70_f1_medium": 0.9460140080270717,
  "ai_boundary_kmeans_jpeg_70_f1_large": 0.967850989878467,
  "ai_boundary_kmeans_jpeg_50_n_splice": 600.0,
  "ai_boundary_kmeans_jpeg_50_n_real": 0.0,
  "ai_boundary_kmeans_jpeg_50_f1": 0.9239655758933787,
  "ai_boundary_kmeans_jpeg_50_f1_mean": 0.7998445187089018,
  "ai_boundary_kmeans_jpeg_50_f1_tiny": 0.9210900080889195,
  "ai_boundary_kmeans_jpeg_50_f1_small": 0.8813447412583565,
  "ai_boundary_kmeans_jpeg_50_f1_medium": 0.9227866473149492,
  "ai_boundary_kmeans_jpeg_50_f1_large": 0.9652558126322933,
  "ai_boundary_kmeans_jpeg_30_n_splice": 600.0,
  "ai_boundary_kmeans_jpeg_30_n_real": 0.0,
  "ai_boundary_kmeans_jpeg_30_f1": 0.8927988379478833,
  "ai_boundary_kmeans_jpeg_30_f1_mean": 0.7621680748127491,
  "ai_boundary_kmeans_jpeg_30_f1_tiny": 0.8874451769536844,
  "ai_boundary_kmeans_jpeg_30_f1_small": 0.8159372592955675,
  "ai_boundary_kmeans_jpeg_30_f1_medium": 0.8804497615824584,
  "ai_boundary_kmeans_jpeg_30_f1_large": 0.9612215448573621,
  "ai_interior_kmeans_clean_n_splice": 350.0,
  "ai_interior_kmeans_clean_n_real": 0.0,
  "ai_interior_kmeans_clean_f1": 0.5512665197891935,
  "ai_interior_kmeans_clean_f1_mean": 0.5529876535718501,
  "ai_interior_kmeans_clean_f1_small": 0.3536977491961415,
  "ai_interior_kmeans_clean_f1_medium": 0.5459183380304229,
  "ai_interior_kmeans_clean_f1_large": 0.62599695022,
  "ai_interior_kmeans_jpeg_90_n_splice": 350.0,
  "ai_interior_kmeans_jpeg_90_n_real": 0.0,
  "ai_interior_kmeans_jpeg_90_f1": 0.563094357118096,
  "ai_interior_kmeans_jpeg_90_f1_mean": 0.558686876050796,
  "ai_interior_kmeans_jpeg_90_f1_small": 0.3324195790588125,
  "ai_interior_kmeans_jpeg_90_f1_medium": 0.5550421798105408,
  "ai_interior_kmeans_jpeg_90_f1_large": 0.6207836314713382,
  "ai_interior_kmeans_jpeg_70_n_splice": 350.0,
  "ai_interior_kmeans_jpeg_70_n_real": 0.0,
  "ai_interior_kmeans_jpeg_70_f1": 0.5460938874690824,
  "ai_interior_kmeans_jpeg_70_f1_mean": 0.5475801536880818,
  "ai_interior_kmeans_jpeg_70_f1_small": 0.33485048211107893,
  "ai_interior_kmeans_jpeg_70_f1_medium": 0.5506863798684096,
  "ai_interior_kmeans_jpeg_70_f1_large": 0.5704973105730867,
  "ai_interior_kmeans_jpeg_50_n_splice": 350.0,
  "ai_interior_kmeans_jpeg_50_n_real": 0.0,
  "ai_interior_kmeans_jpeg_50_f1": 0.5534735383775191,
  "ai_interior_kmeans_jpeg_50_f1_mean": 0.5413948206115721,
  "ai_interior_kmeans_jpeg_50_f1_small": 0.3466455832137532,
  "ai_interior_kmeans_jpeg_50_f1_medium": 0.5597994268461634,
  "ai_interior_kmeans_jpeg_50_f1_large": 0.5631301074835444,
  "ai_interior_kmeans_jpeg_30_n_splice": 350.0,
  "ai_interior_kmeans_jpeg_30_n_real": 0.0,
  "ai_interior_kmeans_jpeg_30_f1": 0.5558978498591803,
  "ai_interior_kmeans_jpeg_30_f1_mean": 0.5401227498335807,
  "ai_interior_kmeans_jpeg_30_f1_small": 0.3826984912032356,
  "ai_interior_kmeans_jpeg_30_f1_medium": 0.5672717936083616,
  "ai_interior_kmeans_jpeg_30_f1_large": 0.5634520116360275,
  "fr_bg_matched_kmeans_clean_n_splice": 0.0,
  "fr_bg_matched_kmeans_clean_n_real": 300.0,
  "fr_bg_matched_kmeans_jpeg_90_n_splice": 0.0,
  "fr_bg_matched_kmeans_jpeg_90_n_real": 300.0,
  "fr_bg_matched_kmeans_jpeg_70_n_splice": 0.0,
  "fr_bg_matched_kmeans_jpeg_70_n_real": 300.0,
  "fr_bg_matched_kmeans_jpeg_50_n_splice": 0.0,
  "fr_bg_matched_kmeans_jpeg_50_n_real": 300.0,
  "fr_bg_matched_kmeans_jpeg_30_n_splice": 0.0,
  "fr_bg_matched_kmeans_jpeg_30_n_real": 300.0,
  "real_crop_kmeans_clean_n_splice": 0.0,
  "real_crop_kmeans_clean_n_real": 350.0,
  "real_crop_kmeans_jpeg_90_n_splice": 0.0,
  "real_crop_kmeans_jpeg_90_n_real": 350.0,
  "real_crop_kmeans_jpeg_70_n_splice": 0.0,
  "real_crop_kmeans_jpeg_70_n_real": 350.0,
  "real_crop_kmeans_jpeg_50_n_splice": 0.0,
  "real_crop_kmeans_jpeg_50_n_real": 350.0,
  "real_crop_kmeans_jpeg_30_n_splice": 0.0,
  "real_crop_kmeans_jpeg_30_n_real": 350.0,
  "sp_boundary_kmeans_clean_n_splice": 300.0,
  "sp_boundary_kmeans_clean_n_real": 0.0,
  "sp_boundary_kmeans_clean_f1": 0.9102521075705425,
  "sp_boundary_kmeans_clean_f1_mean": 0.7118090733543859,
  "sp_boundary_kmeans_clean_f1_tiny": 0.8962090323139148,
  "sp_boundary_kmeans_clean_f1_small": 0.926611609064934,
  "sp_boundary_kmeans_clean_f1_medium": 0.9068026721110033,
  "sp_boundary_kmeans_clean_f1_large": 0.204476429420309,
  "sp_boundary_kmeans_jpeg_90_n_splice": 300.0,
  "sp_boundary_kmeans_jpeg_90_n_real": 0.0,
  "sp_boundary_kmeans_jpeg_90_f1": 0.9127653786467442,
  "sp_boundary_kmeans_jpeg_90_f1_mean": 0.7164632765729109,
  "sp_boundary_kmeans_jpeg_90_f1_tiny": 0.9112577140094138,
  "sp_boundary_kmeans_jpeg_90_f1_small": 0.9273316036123012,
  "sp_boundary_kmeans_jpeg_90_f1_medium": 0.892286261729565,
  "sp_boundary_kmeans_jpeg_90_f1_large": 0.44387205975696137,
  "sp_boundary_kmeans_jpeg_70_n_splice": 300.0,
  "sp_boundary_kmeans_jpeg_70_n_real": 0.0,
  "sp_boundary_kmeans_jpeg_70_f1": 0.9094675664685519,
  "sp_boundary_kmeans_jpeg_70_f1_mean": 0.7132519214045088,
  "sp_boundary_kmeans_jpeg_70_f1_tiny": 0.9182787547346503,
  "sp_boundary_kmeans_jpeg_70_f1_small": 0.9143940543000152,
  "sp_boundary_kmeans_jpeg_70_f1_medium": 0.9074793731293778,
  "sp_boundary_kmeans_jpeg_70_f1_large": 0.3328085833778132,
  "sp_boundary_kmeans_jpeg_50_n_splice": 300.0,
  "sp_boundary_kmeans_jpeg_50_n_real": 0.0,
  "sp_boundary_kmeans_jpeg_50_f1": 0.9115525421385926,
  "sp_boundary_kmeans_jpeg_50_f1_mean": 0.7077911245574533,
  "sp_boundary_kmeans_jpeg_50_f1_tiny": 0.9303285001844277,
  "sp_boundary_kmeans_jpeg_50_f1_small": 0.9191620418369214,
  "sp_boundary_kmeans_jpeg_50_f1_medium": 0.9031579943419955,
  "sp_boundary_kmeans_jpeg_50_f1_large": 0.4470535697672255,
  "sp_boundary_kmeans_jpeg_30_n_splice": 300.0,
  "sp_boundary_kmeans_jpeg_30_n_real": 0.0,
  "sp_boundary_kmeans_jpeg_30_f1": 0.9099802308561464,
  "sp_boundary_kmeans_jpeg_30_f1_mean": 0.6983223266696273,
  "sp_boundary_kmeans_jpeg_30_f1_tiny": 0.9170765780690167,
  "sp_boundary_kmeans_jpeg_30_f1_small": 0.9135222964434013,
  "sp_boundary_kmeans_jpeg_30_f1_medium": 0.9029269640439536,
  "sp_boundary_kmeans_jpeg_30_f1_large": 0.6083753458607052,
  "sp_interior_kmeans_clean_n_splice": 120.0,
  "sp_interior_kmeans_clean_n_real": 0.0,
  "sp_interior_kmeans_clean_f1": 0.5625077991407489,
  "sp_interior_kmeans_clean_f1_mean": 0.5507374921691209,
  "sp_interior_kmeans_clean_f1_tiny": 0.6890278087114983,
  "sp_interior_kmeans_clean_f1_small": 0.5660569340702541,
  "sp_interior_kmeans_clean_f1_medium": 0.528987018924469,
  "sp_interior_kmeans_clean_f1_large": 0.5950960566228514,
  "sp_interior_kmeans_jpeg_90_n_splice": 120.0,
  "sp_interior_kmeans_jpeg_90_n_real": 0.0,
  "sp_interior_kmeans_jpeg_90_f1": 0.5209325855490556,
  "sp_interior_kmeans_jpeg_90_f1_mean": 0.5312705853293853,