{
  "image_auc": 0.976608187134503,
  "f1_median": 0.7498776127357116,
  "f1_mean": 0.6254609175273625,
  "iou_median": 0.5998433596383392,
  "iou_mean": 0.5261461613750298,
  "precision_median": 0.7379279329922986,
  "precision_mean": 0.5836838837783112,
  "recall_median": 0.9454085762760731,
  "recall_mean": 0.8401326237065008,
  "reals_acc": 0.5098184877037705,
  "bucket_tiny_f1_median": 0.6817538625467435,
  "bucket_small_f1_median": 0.8074765688714872,
  "bucket_medium_f1_median": 0.8478460874082326,
  "bucket_large_f1_median": 0.583763097271258
}