{
  "image_auc": 0.9442132756866735,
  "f1_median": 0.578384675101185,
  "f1_mean": 0.5102222544765243,
  "iou_median": 0.40685033798217773,
  "iou_mean": 0.43995496184768684,
  "precision_median": 1.0,
  "precision_mean": 0.7866225839267549,
  "recall_median": 0.40685033798217773,
  "recall_mean": 0.43995496184768684,
  "reals_acc": 0.9922334183673469,
  "bucket_large_f1_median": 0.578384675101185
}