run,bucket_large_f1_median,bucket_medium_f1_median,bucket_small_f1_median,bucket_tiny_f1_median,f1_mean,f1_median,image_auc,iou_mean,iou_median,precision_mean,precision_median,reals_acc,recall_mean,recall_median
res_224_tgif,0.6167377722061589,0.5892917399876737,0.2603827966312604,0.042798317662343384,0.2923443817211029,0.17030196119508184,0.6573605540823517,0.2166171305041368,0.09307653922533841,0.2597437110838596,0.09901198329183077,0.5682359770255407,0.6458632964774403,0.8113280666003513
res_336_tgif,0.6618045914392329,0.7177812101755241,0.2647078369543034,0.04505875548708819,0.3109364896057539,0.15049271144357754,0.7294480471740684,0.24457889263107938,0.08136908266060192,0.29061546954210155,0.08395148786295886,0.5452156910668459,0.633367838962737,0.8288598178135982
res_448_tgif,0.7485253600204509,0.8181768305907144,0.3511981374374852,0.06087392191246466,0.37961679098810247,0.20267974384984472,0.7616236620746653,0.31008657576700216,0.1127677402824041,0.35396898962874357,0.11704545868623477,0.4654963033117439,0.7718377129103628,0.932086816027446
res_496_tgif,0.8691756347826819,0.8480063136801381,0.6658722798809976,0.06439062013772354,0.42183825330093944,0.25932138550531103,0.792896763627698,0.34919300465653647,0.148977177480223,0.39315446786875685,0.15883290498299107,0.5177085994504228,0.7864470496719395,0.9300341538576663
res_512_tgif,0.7082961954312009,0.7849587127191651,0.2975977827445049,0.05701239110677632,0.353030176568782,0.1886811411789156,0.7553780668975343,0.2841996747948386,0.10416782242297326,0.32308573556340847,0.10683636548286674,0.4424266700973054,0.7766432280716667,0.930662256162764
res_592_tgif,0.7618207320935704,0.8185011089910271,0.30323481571098454,0.06142209404623706,0.3737722887528627,0.20015927589008944,0.7701838490673185,0.30625559790513346,0.11120944499420324,0.34221973488512186,0.11444570821262331,0.38830301413243634,0.8219095037796544,0.9501421243485099
res_608_tgif,0.8313263932048892,0.8409106347365379,0.3109574231645854,0.05461644025063563,0.37301549876367784,0.19500862069077962,0.7682591632991426,0.30864700220763547,0.10803853309168533,0.3395657050898727,0.11055686155323663,0.4746877436263208,0.7609641850806022,0.9415207130438918
res_688_tgif,0.8092431746095983,0.8776083198670368,0.7464689168603176,0.06742538608064669,0.43463860993208986,0.2588407464822488,0.8446959594781647,0.36642676930125917,0.14866000709287036,0.406088102164931,0.15307641403147354,0.46549356667951286,0.8202207786031114,0.9450303052011627
