{
  "image_auc": 0.7682591632991426,
  "f1_median": 0.19500862069077962,
  "f1_mean": 0.37301549876367784,
  "iou_median": 0.10803853309168533,
  "iou_mean": 0.30864700220763547,
  "precision_median": 0.11055686155323663,
  "precision_mean": 0.3395657050898727,
  "recall_median": 0.9415207130438918,
  "recall_mean": 0.7609641850806022,
  "reals_acc": 0.4746877436263208,
  "bucket_tiny_f1_median": 0.05461644025063563,
  "bucket_small_f1_median": 0.3109574231645854,
  "bucket_medium_f1_median": 0.8409106347365379,
  "bucket_large_f1_median": 0.8313263932048892
}