{
  "ai_boundary_kmeans_clean_n_splice": 600.0,
  "ai_boundary_kmeans_clean_n_real": 0.0,
  "ai_boundary_kmeans_clean_f1": 0.9610134785321545,
  "ai_boundary_kmeans_clean_f1_mean": 0.8711248895196496,
  "ai_boundary_kmeans_clean_f1_tiny": 0.9608594124890832,
  "ai_boundary_kmeans_clean_f1_small": 0.9539962765615972,
  "ai_boundary_kmeans_clean_f1_medium": 0.9670009763024763,
  "ai_boundary_kmeans_clean_f1_large": 0.9641944036087586,
  "ai_boundary_kmeans_jpeg_90_n_splice": 600.0,
  "ai_boundary_kmeans_jpeg_90_n_real": 0.0,
  "ai_boundary_kmeans_jpeg_90_f1": 0.9524846651920174,
  "ai_boundary_kmeans_jpeg_90_f1_mean": 0.8424219329878289,
  "ai_boundary_kmeans_jpeg_90_f1_tiny": 0.956305562311738,
  "ai_boundary_kmeans_jpeg_90_f1_small": 0.9413823818974544,
  "ai_boundary_kmeans_jpeg_90_f1_medium": 0.9513424698457746,
  "ai_boundary_kmeans_jpeg_90_f1_large": 0.9671268452835382,
  "ai_boundary_kmeans_jpeg_70_n_splice": 600.0,
  "ai_boundary_kmeans_jpeg_70_n_real": 0.0,
  "ai_boundary_kmeans_jpeg_70_f1": 0.9331873011134415,
  "ai_boundary_kmeans_jpeg_70_f1_mean": 0.8090907534545503,
  "ai_boundary_kmeans_jpeg_70_f1_tiny": 0.9409340758441318,
  "ai_boundary_kmeans_jpeg_70_f1_small": 0.9085993950174359,
  "ai_boundary_kmeans_jpeg_70_f1_medium": 0.9247802474665472,
  "ai_boundary_kmeans_jpeg_70_f1_large": 0.9571980927861552,
  "ai_boundary_kmeans_jpeg_50_n_splice": 600.0,
  "ai_boundary_kmeans_jpeg_50_n_real": 0.0,
  "ai_boundary_kmeans_jpeg_50_f1": 0.9121551896472415,
  "ai_boundary_kmeans_jpeg_50_f1_mean": 0.7720217366858515,
  "ai_boundary_kmeans_jpeg_50_f1_tiny": 0.9279079888114106,
  "ai_boundary_kmeans_jpeg_50_f1_small": 0.8632396764580673,
  "ai_boundary_kmeans_jpeg_50_f1_medium": 0.9046018414243099,
  "ai_boundary_kmeans_jpeg_50_f1_large": 0.9455858215363,
  "ai_boundary_kmeans_jpeg_30_n_splice": 600.0,
  "ai_boundary_kmeans_jpeg_30_n_real": 0.0,
  "ai_boundary_kmeans_jpeg_30_f1": 0.862841891051327,
  "ai_boundary_kmeans_jpeg_30_f1_mean": 0.7395657061075624,
  "ai_boundary_kmeans_jpeg_30_f1_tiny": 0.9233157095171999,
  "ai_boundary_kmeans_jpeg_30_f1_small": 0.8236039777073544,
  "ai_boundary_kmeans_jpeg_30_f1_medium": 0.8394088669950739,
  "ai_boundary_kmeans_jpeg_30_f1_large": 0.9250538379596485,
  "ai_interior_kmeans_clean_n_splice": 350.0,
  "ai_interior_kmeans_clean_n_real": 0.0,
  "ai_interior_kmeans_clean_f1": 0.5692929105887143,
  "ai_interior_kmeans_clean_f1_mean": 0.5547782055542062,
  "ai_interior_kmeans_clean_f1_small": 0.40640845654554697,
  "ai_interior_kmeans_clean_f1_medium": 0.5599857764471807,
  "ai_interior_kmeans_clean_f1_large": 0.6105554385483964,
  "ai_interior_kmeans_jpeg_90_n_splice": 350.0,
  "ai_interior_kmeans_jpeg_90_n_real": 0.0,
  "ai_interior_kmeans_jpeg_90_f1": 0.5618544195304966,
  "ai_interior_kmeans_jpeg_90_f1_mean": 0.5485197626075634,
  "ai_interior_kmeans_jpeg_90_f1_small": 0.40648789416003106,
  "ai_interior_kmeans_jpeg_90_f1_medium": 0.5479793600157205,
  "ai_interior_kmeans_jpeg_90_f1_large": 0.6070031580825967,
  "ai_interior_kmeans_jpeg_70_n_splice": 350.0,
  "ai_interior_kmeans_jpeg_70_n_real": 0.0,
  "ai_interior_kmeans_jpeg_70_f1": 0.5756420840497487,
  "ai_interior_kmeans_jpeg_70_f1_mean": 0.5515232354994095,
  "ai_interior_kmeans_jpeg_70_f1_small": 0.40640845654554697,
  "ai_interior_kmeans_jpeg_70_f1_medium": 0.5732669012838432,
  "ai_interior_kmeans_jpeg_70_f1_large": 0.5937696206588048,
  "ai_interior_kmeans_jpeg_50_n_splice": 350.0,
  "ai_interior_kmeans_jpeg_50_n_real": 0.0,
  "ai_interior_kmeans_jpeg_50_f1": 0.5663043865806889,
  "ai_interior_kmeans_jpeg_50_f1_mean": 0.5512301986404595,
  "ai_interior_kmeans_jpeg_50_f1_small": 0.43327688988090235,
  "ai_interior_kmeans_jpeg_50_f1_medium": 0.5681750613066259,
  "ai_interior_kmeans_jpeg_50_f1_large": 0.5788371667722296,
  "ai_interior_kmeans_jpeg_30_n_splice": 350.0,
  "ai_interior_kmeans_jpeg_30_n_real": 0.0,
  "ai_interior_kmeans_jpeg_30_f1": 0.5685884955318318,
  "ai_interior_kmeans_jpeg_30_f1_mean": 0.5507053365750241,
  "ai_interior_kmeans_jpeg_30_f1_small": 0.42631958313438034,
  "ai_interior_kmeans_jpeg_30_f1_medium": 0.5960185093165096,
  "ai_interior_kmeans_jpeg_30_f1_large": 0.5467033661490661,
  "fr_bg_matched_kmeans_clean_n_splice": 0.0,
  "fr_bg_matched_kmeans_clean_n_real": 300.0,
  "fr_bg_matched_kmeans_jpeg_90_n_splice": 0.0,
  "fr_bg_matched_kmeans_jpeg_90_n_real": 300.0,
  "fr_bg_matched_kmeans_jpeg_70_n_splice": 0.0,
  "fr_bg_matched_kmeans_jpeg_70_n_real": 300.0,
  "fr_bg_matched_kmeans_jpeg_50_n_splice": 0.0,
  "fr_bg_matched_kmeans_jpeg_50_n_real": 300.0,
  "fr_bg_matched_kmeans_jpeg_30_n_splice": 0.0,
  "fr_bg_matched_kmeans_jpeg_30_n_real": 300.0,
  "real_crop_kmeans_clean_n_splice": 0.0,
  "real_crop_kmeans_clean_n_real": 350.0,
  "real_crop_kmeans_jpeg_90_n_splice": 0.0,
  "real_crop_kmeans_jpeg_90_n_real": 350.0,
  "real_crop_kmeans_jpeg_70_n_splice": 0.0,
  "real_crop_kmeans_jpeg_70_n_real": 350.0,
  "real_crop_kmeans_jpeg_50_n_splice": 0.0,
  "real_crop_kmeans_jpeg_50_n_real": 350.0,
  "real_crop_kmeans_jpeg_30_n_splice": 0.0,
  "real_crop_kmeans_jpeg_30_n_real": 350.0,
  "sp_boundary_kmeans_clean_n_splice": 300.0,
  "sp_boundary_kmeans_clean_n_real": 0.0,
  "sp_boundary_kmeans_clean_f1": 0.9511596181825988,
  "sp_boundary_kmeans_clean_f1_mean": 0.813093739297134,
  "sp_boundary_kmeans_clean_f1_tiny": 0.9346584206625792,
  "sp_boundary_kmeans_clean_f1_small": 0.9539563016911492,
  "sp_boundary_kmeans_clean_f1_medium": 0.9646880421558051,
  "sp_boundary_kmeans_clean_f1_large": 0.8756350888828357,
  "sp_boundary_kmeans_jpeg_90_n_splice": 300.0,
  "sp_boundary_kmeans_jpeg_90_n_real": 0.0,
  "sp_boundary_kmeans_jpeg_90_f1": 0.9507689490393101,
  "sp_boundary_kmeans_jpeg_90_f1_mean": 0.8290318832540656,
  "sp_boundary_kmeans_jpeg_90_f1_tiny": 0.9389062373244035,
  "sp_boundary_kmeans_jpeg_90_f1_small": 0.9559513367148469,
  "sp_boundary_kmeans_jpeg_90_f1_medium": 0.9620512815845091,
  "sp_boundary_kmeans_jpeg_90_f1_large": 0.8680497032507934,
  "sp_boundary_kmeans_jpeg_70_n_splice": 300.0,
  "sp_boundary_kmeans_jpeg_70_n_real": 0.0,
  "sp_boundary_kmeans_jpeg_70_f1": 0.950529309053129,
  "sp_boundary_kmeans_jpeg_70_f1_mean": 0.8203690281650089,
  "sp_boundary_kmeans_jpeg_70_f1_tiny": 0.9389597956715399,
  "sp_boundary_kmeans_jpeg_70_f1_small": 0.9558004052684904,
  "sp_boundary_kmeans_jpeg_70_f1_medium": 0.9648177973023068,
  "sp_boundary_kmeans_jpeg_70_f1_large": 0.9155381720231726,
  "sp_boundary_kmeans_jpeg_50_n_splice": 300.0,
  "sp_boundary_kmeans_jpeg_50_n_real": 0.0,
  "sp_boundary_kmeans_jpeg_50_f1": 0.9526853008388068,
  "sp_boundary_kmeans_jpeg_50_f1_mean": 0.8115407878525862,
  "sp_boundary_kmeans_jpeg_50_f1_tiny": 0.9446271813446565,
  "sp_boundary_kmeans_jpeg_50_f1_small": 0.9550931999145794,
  "sp_boundary_kmeans_jpeg_50_f1_medium": 0.9608524458999395,
  "sp_boundary_kmeans_jpeg_50_f1_large": 0.8313046192259675,
  "sp_boundary_kmeans_jpeg_30_n_splice": 300.0,
  "sp_boundary_kmeans_jpeg_30_n_real": 0.0,
  "sp_boundary_kmeans_jpeg_30_f1": 0.9498771924038134,
  "sp_boundary_kmeans_jpeg_30_f1_mean": 0.7887238335408571,
  "sp_boundary_kmeans_jpeg_30_f1_tiny": 0.9450142192871309,
  "sp_boundary_kmeans_jpeg_30_f1_small": 0.9509053812802857,
  "sp_boundary_kmeans_jpeg_30_f1_medium": 0.958524680954937,
  "sp_boundary_kmeans_jpeg_30_f1_large": 0.8808953794589418,
  "sp_interior_kmeans_clean_n_splice": 120.0,
  "sp_interior_kmeans_clean_n_real": 0.0,
  "sp_interior_kmeans_clean_f1": 0.5775535169511264,
  "sp_interior_kmeans_clean_f1_mean": 0.5533045194560189,
  "sp_interior_kmeans_clean_f1_tiny": 0.7593635354904553,
  "sp_interior_kmeans_clean_f1_small": 0.5652951699463328,
  "sp_interior_kmeans_clean_f1_medium": 0.5738434306445883,
  "sp_interior_kmeans_clean_f1_large": 0.5900063931481688,
  "sp_interior_kmeans_jpeg_90_n_splice": 120.0,
  "sp_interior_kmeans_jpeg_90_n_real": 0.0,
  "sp_interior_kmeans_jpeg_90_f1": 0.5841592293975852,
  "sp_interior_kmeans_jpeg_90_f1_mean": 0.5629659249893187,