{
  "image_auc": 0.991580282066112,
  "f1_median": 0.8248381026058107,
  "f1_mean": 0.731228285695564,
  "iou_median": 0.701893166731236,
  "iou_mean": 0.6320868670540938,
  "precision_median": 0.8714726261739967,
  "precision_mean": 0.7495420700175837,
  "recall_median": 0.9235313020137694,
  "recall_mean": 0.8059522062778602,
  "reals_acc": 0.548336106903699,
  "bucket_tiny_f1_median": 0.7764220990266733,
  "bucket_small_f1_median": 0.8049277140541691,
  "bucket_medium_f1_median": 0.8586856384776317,
  "bucket_large_f1_median": 0.8521020512453141
}