{
  "image_auc": 0.9171994913530009,
  "f1_median": 0.5880045071987183,
  "f1_mean": 0.5756158293146248,
  "iou_median": 0.4164352912538757,
  "iou_mean": 0.42589922449841666,
  "precision_median": 1.0,
  "precision_mean": 1.0,
  "recall_median": 0.4164352912538757,
  "recall_mean": 0.42589922449841666,
  "reals_acc": 0.5491716836734694,
  "bucket_large_f1_median": 0.5880045071987183
}