run,bucket_large_f1_median,bucket_medium_f1_median,bucket_small_f1_median,bucket_tiny_f1_median,f1_mean,f1_median,image_auc,iou_mean,iou_median,precision_mean,precision_median,reals_acc,recall_mean,recall_median
res_224_tgif,0.4561861274190041,0.6036256058809928,0.357641036617537,0.059114623292926195,0.35059389844485306,0.23237672920309704,0.6716020118949231,0.27210084314792726,0.13146281403691185,0.3376685018541832,0.14590796421439228,0.659796080670292,0.5890992829834186,0.743699513971566
res_336_tgif,0.6109662418695,0.6734938413505942,0.327969927123653,0.05628277584089494,0.38438585028867917,0.219810759560223,0.7175285331115921,0.31704899097983985,0.12347606353282806,0.37860442151506063,0.13133089669955206,0.5159641919392508,0.6743628191295551,0.8809729884599493
res_496_tgif,0.7933135838541244,0.843734360150324,0.7968059082129014,0.11149926251233767,0.5153570470491803,0.5937186613092469,0.7929429033550173,0.4447243557119971,0.4221905529365251,0.5188414876765404,0.6496832403077226,0.5823473654602865,0.7231621747812188,0.9235678653354813
res_512_tgif,0.7762521617624143,0.8344177937182006,0.7546085081236018,0.08556113263134923,0.490965500189913,0.45566898941039513,0.797077986279769,0.4248778121896004,0.29505915811996186,0.48603744265175564,0.4508866164831463,0.4649923632958692,0.7634728105130542,0.949135117719752
res_592_tgif,0.8733952277327455,0.8765768965209562,0.8080187316363817,0.10416338074130477,0.5185343646453957,0.5533599977763233,0.7725742418634365,0.4506662128765157,0.3825139669646126,0.5053984579011622,0.5587714151530438,0.4845995953217743,0.8019279318265663,0.9566905290272814
res_608_tgif,0.9022617509298995,0.909371607154651,0.8289384880094472,0.10870971276291189,0.5351897338702064,0.6416445105592884,0.823747762730255,0.46891210728429533,0.4723686219473424,0.513146098837751,0.610938493193933,0.44418102258519665,0.8216109608353301,0.9652640696634486
res_688_tgif,0.6996690817223078,0.8381336658337927,0.8352292748498011,0.3997493341688861,0.5740545558963842,0.7445947142389608,0.8446769458542694,0.5024091943086686,0.5931110238015884,0.5895247722841775,0.794091325142118,0.5720092189539255,0.7473343139038358,0.9389576070783259
