{
  "image_auc": 0.9081443446013407,
  "f1_median": 0.5422972369862458,
  "f1_mean": 0.49280175288365763,
  "iou_median": 0.372021821420619,
  "iou_mean": 0.38797533087619906,
  "precision_median": 0.41335980123127625,
  "precision_mean": 0.4316675241543256,
  "recall_median": 0.9015702594949989,
  "recall_mean": 0.780012890941195,
  "reals_acc": 0.7341202868342459,
  "bucket_tiny_f1_median": 0.22760329081739827,
  "bucket_small_f1_median": 0.7610699617215105,
  "bucket_medium_f1_median": 0.8742609845682447,
  "bucket_large_f1_median": 0.6869403953826824
}