{
  "image_auc": 0.792896763627698,
  "f1_median": 0.25932138550531103,
  "f1_mean": 0.42183825330093944,
  "iou_median": 0.148977177480223,
  "iou_mean": 0.34919300465653647,
  "precision_median": 0.15883290498299107,
  "precision_mean": 0.39315446786875685,
  "recall_median": 0.9300341538576663,
  "recall_mean": 0.7864470496719395,
  "reals_acc": 0.5177085994504228,
  "bucket_tiny_f1_median": 0.06439062013772354,
  "bucket_small_f1_median": 0.6658722798809976,
  "bucket_medium_f1_median": 0.8480063136801381,
  "bucket_large_f1_median": 0.8691756347826819
}