{
  "image_auc": 0.6580927553072671,
  "f1_median": 0.1777261488341305,
  "f1_mean": 0.3182726987284697,
  "iou_median": 0.09752987934301058,
  "iou_mean": 0.24942706229756945,
  "precision_median": 0.1031640665063646,
  "precision_mean": 0.31104770577942165,
  "recall_median": 0.8976362721962164,
  "recall_mean": 0.6858576015206554,
  "reals_acc": 0.4807200361314997,
  "bucket_tiny_f1_median": 0.054893921206317524,
  "bucket_small_f1_median": 0.2532612554631166,
  "bucket_medium_f1_median": 0.5191120352895529,
  "bucket_large_f1_median": 0.5513683020656712
}