{
  "image_auc": 0.8489516474112111,
  "f1_median": 0.43692187474563304,
  "f1_mean": 0.45717690198538674,
  "iou_median": 0.2795265749589648,
  "iou_mean": 0.3608370545632712,
  "precision_median": 0.311558634931799,
  "precision_mean": 0.41267792792999836,
  "recall_median": 0.9429498445315668,
  "recall_mean": 0.7671145500678893,
  "reals_acc": 0.625905349754231,
  "bucket_tiny_f1_median": 0.2533828114392891,
  "bucket_small_f1_median": 0.6493119917160479,
  "bucket_medium_f1_median": 0.6632469152918342,
  "bucket_large_f1_median": 0.7051370086880613
}