{
  "image_auc": 0.8745389623601221,
  "f1_median": 0.18096092578748124,
  "f1_mean": 0.3439273548577133,
  "iou_median": 0.0994816125317121,
  "iou_mean": 0.2852481459941203,
  "precision_median": 1.0,
  "precision_mean": 0.6955747711088505,
  "recall_median": 0.0994816125317121,
  "recall_mean": 0.2852481459941203,
  "reals_acc": 0.9897581632653062,
  "bucket_large_f1_median": 0.18096092578748124
}