{
  "ai_boundary_threshold_clean_n_splice": 600.0,
  "ai_boundary_threshold_clean_n_real": 0.0,
  "ai_boundary_threshold_clean_f1": 0.7814576017495161,
  "ai_boundary_threshold_clean_f1_mean": 0.6246997060036102,
  "ai_boundary_threshold_clean_f1_tiny": 0.9294000636014466,
  "ai_boundary_threshold_clean_f1_small": 0.7817131620990537,
  "ai_boundary_threshold_clean_f1_medium": 0.6819859107681986,
  "ai_boundary_threshold_clean_f1_large": 0.7509993217965767,
  "ai_boundary_threshold_jpeg_90_n_splice": 600.0,
  "ai_boundary_threshold_jpeg_90_n_real": 0.0,
  "ai_boundary_threshold_jpeg_90_f1": 0.6997577989879391,
  "ai_boundary_threshold_jpeg_90_f1_mean": 0.5837485260503166,
  "ai_boundary_threshold_jpeg_90_f1_tiny": 0.8885060598689947,
  "ai_boundary_threshold_jpeg_90_f1_small": 0.7005521196180186,
  "ai_boundary_threshold_jpeg_90_f1_medium": 0.6266295101815031,
  "ai_boundary_threshold_jpeg_90_f1_large": 0.6853972751150099,
  "ai_boundary_threshold_jpeg_70_n_splice": 600.0,
  "ai_boundary_threshold_jpeg_70_n_real": 0.0,
  "ai_boundary_threshold_jpeg_70_f1": 0.5745897512826161,
  "ai_boundary_threshold_jpeg_70_f1_mean": 0.5086760624054496,
  "ai_boundary_threshold_jpeg_70_f1_tiny": 0.7198573360442381,
  "ai_boundary_threshold_jpeg_70_f1_small": 0.5622832881235995,
  "ai_boundary_threshold_jpeg_70_f1_medium": 0.5339582397844634,
  "ai_boundary_threshold_jpeg_70_f1_large": 0.6632326231735367,
  "ai_boundary_threshold_jpeg_50_n_splice": 600.0,
  "ai_boundary_threshold_jpeg_50_n_real": 0.0,
  "ai_boundary_threshold_jpeg_50_f1": 0.5180766734491566,
  "ai_boundary_threshold_jpeg_50_f1_mean": 0.4767323893668758,
  "ai_boundary_threshold_jpeg_50_f1_tiny": 0.548326795060271,
  "ai_boundary_threshold_jpeg_50_f1_small": 0.46586078407361403,
  "ai_boundary_threshold_jpeg_50_f1_medium": 0.43362183754993344,
  "ai_boundary_threshold_jpeg_50_f1_large": 0.6617384500139961,
  "ai_boundary_threshold_jpeg_30_n_splice": 600.0,
  "ai_boundary_threshold_jpeg_30_n_real": 0.0,
  "ai_boundary_threshold_jpeg_30_f1": 0.3872411397313542,
  "ai_boundary_threshold_jpeg_30_f1_mean": 0.41707997385115525,
  "ai_boundary_threshold_jpeg_30_f1_tiny": 0.4821328447417341,
  "ai_boundary_threshold_jpeg_30_f1_small": 0.29485103210714375,
  "ai_boundary_threshold_jpeg_30_f1_medium": 0.30844161097716866,
  "ai_boundary_threshold_jpeg_30_f1_large": 0.5315878592136507,
  "ai_interior_threshold_clean_n_splice": 350.0,
  "ai_interior_threshold_clean_n_real": 0.0,
  "ai_interior_threshold_clean_f1": 0.0,
  "ai_interior_threshold_clean_f1_mean": 0.12639877362756097,
  "ai_interior_threshold_clean_f1_small": 0.0,
  "ai_interior_threshold_clean_f1_medium": 0.0,
  "ai_interior_threshold_clean_f1_large": 0.0,
  "ai_interior_threshold_jpeg_90_n_splice": 350.0,
  "ai_interior_threshold_jpeg_90_n_real": 0.0,
  "ai_interior_threshold_jpeg_90_f1": 0.0,
  "ai_interior_threshold_jpeg_90_f1_mean": 0.1171069851608526,
  "ai_interior_threshold_jpeg_90_f1_small": 0.0,
  "ai_interior_threshold_jpeg_90_f1_medium": 0.0,
  "ai_interior_threshold_jpeg_90_f1_large": 0.0,
  "ai_interior_threshold_jpeg_70_n_splice": 350.0,
  "ai_interior_threshold_jpeg_70_n_real": 0.0,
  "ai_interior_threshold_jpeg_70_f1": 0.0,
  "ai_interior_threshold_jpeg_70_f1_mean": 0.08979394289778003,
  "ai_interior_threshold_jpeg_70_f1_small": 0.0,
  "ai_interior_threshold_jpeg_70_f1_medium": 0.0,
  "ai_interior_threshold_jpeg_70_f1_large": 0.0,
  "ai_interior_threshold_jpeg_50_n_splice": 350.0,
  "ai_interior_threshold_jpeg_50_n_real": 0.0,
  "ai_interior_threshold_jpeg_50_f1": 0.0,
  "ai_interior_threshold_jpeg_50_f1_mean": 0.0852412205823891,
  "ai_interior_threshold_jpeg_50_f1_small": 0.0,
  "ai_interior_threshold_jpeg_50_f1_medium": 0.0,
  "ai_interior_threshold_jpeg_50_f1_large": 0.0,
  "ai_interior_threshold_jpeg_30_n_splice": 350.0,
  "ai_interior_threshold_jpeg_30_n_real": 0.0,
  "ai_interior_threshold_jpeg_30_f1": 0.0,
  "ai_interior_threshold_jpeg_30_f1_mean": 0.07540067207763969,
  "ai_interior_threshold_jpeg_30_f1_small": 0.0,
  "ai_interior_threshold_jpeg_30_f1_medium": 0.0,
  "ai_interior_threshold_jpeg_30_f1_large": 0.0,
  "fr_bg_matched_threshold_clean_n_splice": 0.0,
  "fr_bg_matched_threshold_clean_n_real": 300.0,
  "fr_bg_matched_threshold_jpeg_90_n_splice": 0.0,
  "fr_bg_matched_threshold_jpeg_90_n_real": 300.0,
  "fr_bg_matched_threshold_jpeg_70_n_splice": 0.0,
  "fr_bg_matched_threshold_jpeg_70_n_real": 300.0,
  "fr_bg_matched_threshold_jpeg_50_n_splice": 0.0,
  "fr_bg_matched_threshold_jpeg_50_n_real": 300.0,
  "fr_bg_matched_threshold_jpeg_30_n_splice": 0.0,
  "fr_bg_matched_threshold_jpeg_30_n_real": 300.0,
  "real_crop_threshold_clean_n_splice": 0.0,
  "real_crop_threshold_clean_n_real": 350.0,
  "real_crop_threshold_jpeg_90_n_splice": 0.0,
  "real_crop_threshold_jpeg_90_n_real": 350.0,
  "real_crop_threshold_jpeg_70_n_splice": 0.0,
  "real_crop_threshold_jpeg_70_n_real": 350.0,
  "real_crop_threshold_jpeg_50_n_splice": 0.0,
  "real_crop_threshold_jpeg_50_n_real": 350.0,
  "real_crop_threshold_jpeg_30_n_splice": 0.0,
  "real_crop_threshold_jpeg_30_n_real": 350.0,
  "sp_boundary_threshold_clean_n_splice": 300.0,
  "sp_boundary_threshold_clean_n_real": 0.0,
  "sp_boundary_threshold_clean_f1": 0.901597912247012,
  "sp_boundary_threshold_clean_f1_mean": 0.7542418194698511,
  "sp_boundary_threshold_clean_f1_tiny": 0.8769827052859613,
  "sp_boundary_threshold_clean_f1_small": 0.9211089436661346,
  "sp_boundary_threshold_clean_f1_medium": 0.915952922268901,
  "sp_boundary_threshold_clean_f1_large": 0.6028447002971796,
  "sp_boundary_threshold_jpeg_90_n_splice": 300.0,
  "sp_boundary_threshold_jpeg_90_n_real": 0.0,
  "sp_boundary_threshold_jpeg_90_f1": 0.8966428774903951,
  "sp_boundary_threshold_jpeg_90_f1_mean": 0.7538741426655425,
  "sp_boundary_threshold_jpeg_90_f1_tiny": 0.8791407021322037,
  "sp_boundary_threshold_jpeg_90_f1_small": 0.9208456454398812,
  "sp_boundary_threshold_jpeg_90_f1_medium": 0.9204445530422163,
  "sp_boundary_threshold_jpeg_90_f1_large": 0.6028447002971796,
  "sp_boundary_threshold_jpeg_70_n_splice": 300.0,
  "sp_boundary_threshold_jpeg_70_n_real": 0.0,
  "sp_boundary_threshold_jpeg_70_f1": 0.9018760938664181,
  "sp_boundary_threshold_jpeg_70_f1_mean": 0.7566301507415607,
  "sp_boundary_threshold_jpeg_70_f1_tiny": 0.887661489651101,
  "sp_boundary_threshold_jpeg_70_f1_small": 0.9150492606557662,
  "sp_boundary_threshold_jpeg_70_f1_medium": 0.9228853895256537,
  "sp_boundary_threshold_jpeg_70_f1_large": 0.6921291470347052,
  "sp_boundary_threshold_jpeg_50_n_splice": 300.0,
  "sp_boundary_threshold_jpeg_50_n_real": 0.0,
  "sp_boundary_threshold_jpeg_50_f1": 0.8935600499023304,
  "sp_boundary_threshold_jpeg_50_f1_mean": 0.7336459780874097,
  "sp_boundary_threshold_jpeg_50_f1_tiny": 0.8883802718719971,
  "sp_boundary_threshold_jpeg_50_f1_small": 0.9133339455438725,
  "sp_boundary_threshold_jpeg_50_f1_medium": 0.9210115784933448,
  "sp_boundary_threshold_jpeg_50_f1_large": 0.731346301233314,
  "sp_boundary_threshold_jpeg_30_n_splice": 300.0,
  "sp_boundary_threshold_jpeg_30_n_real": 0.0,
  "sp_boundary_threshold_jpeg_30_f1": 0.8900347174705817,
  "sp_boundary_threshold_jpeg_30_f1_mean": 0.7107677402584239,
  "sp_boundary_threshold_jpeg_30_f1_tiny": 0.8833933869460044,
  "sp_boundary_threshold_jpeg_30_f1_small": 0.8949669039590359,
  "sp_boundary_threshold_jpeg_30_f1_medium": 0.9094779336036165,
  "sp_boundary_threshold_jpeg_30_f1_large": 0.6016250023383571,
  "sp_interior_threshold_clean_n_splice": 120.0,
  "sp_interior_threshold_clean_n_real": 0.0,
  "sp_interior_threshold_clean_f1": 0.0,
  "sp_interior_threshold_clean_f1_mean": 0.19638259825888169,
  "sp_interior_threshold_clean_f1_tiny": 0.7217109587754719,
  "sp_interior_threshold_clean_f1_small": 0.0,
  "sp_interior_threshold_clean_f1_medium": 0.001206660767436248,
  "sp_interior_threshold_clean_f1_large": 0.0,
  "sp_interior_threshold_jpeg_90_n_splice": 120.0,
  "sp_interior_threshold_jpeg_90_n_real": 0.0,
  "sp_interior_threshold_jpeg_90_f1": 0.0,