{
  "image_auc": 0.9860468478889531,
  "f1_median": 0.8166077307110426,
  "f1_mean": 0.7096895344610398,
  "iou_median": 0.6900567592423513,
  "iou_mean": 0.6088809819145747,
  "precision_median": 0.8636111504828292,
  "precision_mean": 0.7254365856667285,
  "recall_median": 0.8925614894901742,
  "recall_mean": 0.7927319663932988,
  "reals_acc": 0.5027825375800503,
  "bucket_tiny_f1_median": 0.6706015240292594,
  "bucket_small_f1_median": 0.821985515341783,
  "bucket_medium_f1_median": 0.8666291722864534,
  "bucket_large_f1_median": 0.8568117238059877
}