{
  "image_auc": 0.9604906575381542,
  "f1_median": 0.7222385861561119,
  "f1_mean": 0.6223666070264399,
  "iou_median": 0.5652374366067312,
  "iou_mean": 0.5304932877110523,
  "precision_median": 0.7517464315701091,
  "precision_mean": 0.5896552146580041,
  "recall_median": 0.9485605947213491,
  "recall_mean": 0.8288066116086829,
  "reals_acc": 0.5621045740639291,
  "bucket_tiny_f1_median": 0.6467725467203256,
  "bucket_small_f1_median": 0.8100200022442154,
  "bucket_medium_f1_median": 0.8435759015331462,
  "bucket_large_f1_median": 0.6506615060557115
}