{
  "image_auc": 0.732022689315247,
  "f1_median": 0.2391169304525445,
  "f1_mean": 0.40441984729800523,
  "iou_median": 0.135793758590681,
  "iou_mean": 0.33977491517016745,
  "precision_median": 0.1446005614851949,
  "precision_mean": 0.40528828284873647,
  "recall_median": 0.9257748376107584,
  "recall_mean": 0.7123529057324075,
  "reals_acc": 0.509318163294992,
  "bucket_tiny_f1_median": 0.06596584234464893,
  "bucket_small_f1_median": 0.3112886338948131,
  "bucket_medium_f1_median": 0.6945800318405142,
  "bucket_large_f1_median": 0.716435627816011
}