run,bucket_large_f1_median,bucket_medium_f1_median,bucket_small_f1_median,bucket_tiny_f1_median,f1_mean,f1_median,image_auc,iou_mean,iou_median,precision_mean,precision_median,reals_acc,recall_mean,recall_median
vitb16_tgif,0.5579560249686675,0.4623722542496995,0.22799563118768276,0.040127682936620744,0.26847892187889666,0.1308852112543166,0.6340528359827048,0.20274785022933134,0.07002523977788995,0.24875893939457352,0.07711750938877701,0.5670845360856731,0.5734810175553795,0.7317265902805216
vitl16_tgif,0.5042003681016731,0.5089585356776332,0.2595247419508238,0.03295358637466744,0.33779418192421684,0.14501137965070307,0.7203756598920037,0.2786515311555888,0.07817373004875751,0.3379763451468649,0.09707547262363755,0.5785376492709733,0.5291316795432861,0.6325346440030036
vits16_tgif,0.45604507839395764,0.3950787214754672,0.19739171485896376,0.032965053054238226,0.25845219643248185,0.11171837293779029,0.5848480023609315,0.19478968466452873,0.05916404170685166,0.2633030588370782,0.06968349588831517,0.7146353070723986,0.46471790167719274,0.42737469037878156
vits16plus_tgif,0.4513097745635715,0.4234105076047714,0.2129829276168453,0.04114160236363749,0.25319028715492925,0.12710846661935696,0.6088612004545402,0.18768739869525147,0.06786750025503141,0.25127798404364715,0.0726946592087509,0.62511919122533,0.521003660903348,0.5614366729678639
