run,bucket_large_f1_median,bucket_medium_f1_median,bucket_small_f1_median,bucket_tiny_f1_median,f1_mean,f1_median,image_auc,iou_mean,iou_median,precision_mean,precision_median,reals_acc,recall_mean,recall_median
vitb16_imd,0.7051370086880613,0.6632469152918342,0.6493119917160479,0.2533828114392891,0.45717690198538674,0.43692187474563304,0.8489516474112111,0.3608370545632712,0.2795265749589648,0.41267792792999836,0.311558634931799,0.625905349754231,0.7671145500678893,0.9429498445315668
vitl16_imd,0.5980492080374193,0.7895734746920944,0.785019396591034,0.6639819881552171,0.6000910627656223,0.723028036705672,0.9479389530737412,0.5084227432434204,0.566205098849944,0.5718895393885586,0.7207834013258542,0.6177523410278746,0.7520516098561112,0.9164537112324311
vits16_imd,0.5688660723165351,0.487186171720034,0.6253994194137484,0.17316283889512152,0.4230068077500457,0.41113651208360547,0.8349736128940236,0.3372998703915965,0.2587613820887546,0.3827809505924199,0.2805645736004434,0.7227964880693131,0.684406111403436,0.8948326423298615
vits16plus_imd,0.46118470850078774,0.615465618308821,0.7295638737532731,0.13082626822198207,0.4249312527112022,0.36545189925880234,0.7881899871630297,0.342181415025832,0.22357977663250503,0.40520177437844496,0.28280258985200846,0.6618978026614608,0.6432933599007429,0.8285211267605633
