{
  "image_auc": 0.9479389530737412,
  "f1_median": 0.723028036705672,
  "f1_mean": 0.6000910627656223,
  "iou_median": 0.566205098849944,
  "iou_mean": 0.5084227432434204,
  "precision_median": 0.7207834013258542,
  "precision_mean": 0.5718895393885586,
  "recall_median": 0.9164537112324311,
  "recall_mean": 0.7520516098561112,
  "reals_acc": 0.6177523410278746,
  "bucket_tiny_f1_median": 0.6639819881552171,
  "bucket_small_f1_median": 0.785019396591034,
  "bucket_medium_f1_median": 0.7895734746920944,
  "bucket_large_f1_median": 0.5980492080374193
}