{
  "image_auc": 0.49299888097660216,
  "f1_median": 0.5814296083746164,
  "f1_mean": 0.5699755691370884,
  "iou_median": 0.4098701477050781,
  "iou_mean": 0.41673056911126055,
  "precision_median": 1.0,
  "precision_mean": 1.0,
  "recall_median": 0.4098701477050781,
  "recall_mean": 0.41673056911126055,
  "reals_acc": 0.5989168367346939,
  "bucket_large_f1_median": 0.5814296083746164
}