run,bucket_large_f1_median,bucket_medium_f1_median,bucket_small_f1_median,bucket_tiny_f1_median,f1_mean,f1_median,image_auc,iou_mean,iou_median,precision_mean,precision_median,reals_acc,recall_mean,recall_median
r008_tgif,0.7059536528039471,0.7634510691163251,0.4804258455114928,0.02939883158489855,0.4242843195085333,0.2748166259168704,0.7406064173405792,0.36547828372971686,0.159297052154195,0.42576091922899423,0.20176525067229048,0.5428409065956098,0.5807839591870113,0.7784548422198041
r016_tgif,0.7701784650559016,0.833839708278377,0.7379069525968149,0.10567687276285634,0.5007548038232597,0.552803976001814,0.7858032981535026,0.43186310180305687,0.38198279074494396,0.5017616027071143,0.5770722467755028,0.5937753896702769,0.6863687869055984,0.9052411904089042
r032_tgif,0.6174189608084906,0.6615432146443192,0.3700701017125644,0.06564448215880209,0.4106712633747507,0.2239897016229139,0.7430843165079544,0.34959460934293995,0.12611959616878074,0.4117469108959012,0.14367528017596098,0.4911010846610351,0.6745881027749631,0.904212928933421
r064_tgif,0.6629660431614113,0.6415665851843979,0.37989718224404034,0.02363065486854651,0.39294157011444353,0.21211939428737928,0.7536200142260565,0.33522686225663795,0.11864293041135812,0.41064363826342776,0.15230675221509318,0.6070657184912699,0.5318793109990169,0.6479181651082874
r128_tgif,0.6528676094966388,0.5915782657550421,0.28692915804988917,0.05667778456334852,0.36781041994430563,0.20554438687221435,0.7114871096009657,0.30262610900163417,0.11454414663060114,0.35762986917021816,0.12629203668656283,0.49242597195596044,0.6637299356874592,0.891749123891981
r256_tgif,0.5513683020656712,0.5191120352895529,0.2532612554631166,0.054893921206317524,0.3182726987284697,0.1777261488341305,0.6580927553072671,0.24942706229756945,0.09752987934301058,0.31104770577942165,0.1031640665063646,0.4807200361314997,0.6858576015206554,0.8976362721962164
