run,bucket_large_f1_median,bucket_medium_f1_median,bucket_small_f1_median,bucket_tiny_f1_median,f1_mean,f1_median,image_auc,iou_mean,iou_median,precision_mean,precision_median,reals_acc,recall_mean,recall_median
r008_imd,0.6488398254656647,0.8422359631478309,0.7925698990513514,0.569263561202285,0.6013585313765094,0.7217667272580898,0.9592069604906575,0.5041677266262492,0.5646596303269776,0.5611598741484342,0.7051918472230333,0.5909722168211796,0.8040937475691852,0.9417825996677741
r016_imd,0.6002284814416115,0.8353666953354781,0.7853285561974266,0.6918933514185349,0.6253195403726379,0.7355691310310435,0.9693339038653545,0.5284753412495007,0.5817393019128377,0.5982553579855482,0.7460883289341207,0.6135738784843205,0.8032045304746855,0.9277211891507758
r032_imd,0.5800823110686688,0.8142495838827523,0.7822402926379846,0.6488567205926119,0.6195899304004022,0.7366121234659725,0.9770360861503352,0.5240586978538763,0.5830451100154537,0.5838524627514329,0.7039151712887439,0.49209380541469633,0.8039456752998054,0.9471747616305113
r064_imd,0.6586925767164695,0.8175365344467641,0.8037661938683178,0.6455389401796268,0.6250500683801308,0.7579072414987873,0.9634859506489802,0.5307501693284236,0.6101857017613772,0.5880902767762698,0.7452289053286159,0.6743143403512319,0.822381803623199,0.9374490627546862
r128_imd,0.5626867041738925,0.7965408694084118,0.832747000345462,0.6715015493544139,0.6175161898508901,0.7483459936290126,0.966481243759806,0.5258058982677478,0.5978856695379796,0.5882519708206801,0.7309062063608796,0.533226700550647,0.7961493726697427,0.9338143687707641
r256_imd,0.6460089472355068,0.8112419700214133,0.7927204994178538,0.5303367053534682,0.5674007576979865,0.6833940393878593,0.9449436599629154,0.4786451480004164,0.5190573792253858,0.5514752736552363,0.7009123952229063,0.5633639102554131,0.7619395379562728,0.9253755193352509
