run,bucket_large_f1_median,bucket_medium_f1_median,bucket_small_f1_median,bucket_tiny_f1_median,f1_mean,f1_median,image_auc,iou_mean,iou_median,precision_mean,precision_median,reals_acc,recall_mean,recall_median
r008_tgif,0.7325530077234133,0.7181236673773987,0.38600691927701397,0.02922882379752391,0.4127665984704247,0.25514961430872257,0.7307344494684103,0.35352222934701877,0.14623008161678974,0.4162115229695318,0.18465493248757703,0.5460279516700018,0.5692195901044396,0.7314000130381627
r016_tgif,0.8696229653132279,0.8258798806629495,0.681370698025677,0.08620568871119613,0.4900307806395951,0.5065980366786356,0.7747443887734734,0.42075748052343426,0.33922416969442415,0.4946921809867318,0.529023757914022,0.58063675741629,0.6910600945574538,0.9028145787788311
r032_tgif,0.682715176674807,0.6439112399574396,0.31240081802998054,0.06228065484392924,0.40172981480408976,0.22360079798166452,0.733992219642348,0.3398654551768445,0.12587305698381898,0.4025017893487114,0.1416896035028875,0.49427425641383055,0.6769894727778888,0.8985463657600509
r064_tgif,0.664328510755583,0.5854013951452491,0.33775196786749073,0.05889181604271386,0.40505070967070744,0.24960659571516342,0.7513951688459816,0.3378166750605043,0.1426002835157768,0.4203397029313924,0.18465020433750456,0.5549825691410547,0.6414885406734108,0.8614183235306653
r128_tgif,0.7273514885166936,0.6159016425341002,0.3126483075304952,0.08827427077091379,0.4093612112675715,0.2604422261792324,0.7438164487351827,0.33454938686151203,0.1497174915640192,0.403655339566862,0.18139996124678923,0.507036131022394,0.7212185818417736,0.9102990005222722
r256_tgif,0.7515285069265282,0.6535309014662004,0.37703507087592475,0.038911767003568215,0.38565757147100116,0.2525748305668475,0.7076876858527843,0.31724356901438505,0.14454115323121386,0.38501740226620856,0.1761491381320346,0.6038215541175302,0.5955076687526175,0.7703271513331413
