{
  "image_auc": 0.6804156992138173,
  "f1_median": 0.18274423409248064,
  "f1_mean": 0.32203019134061567,
  "iou_median": 0.10056054892062832,
  "iou_mean": 0.25192655604000974,
  "precision_median": 0.11219475862627273,
  "precision_mean": 0.3321856740473797,
  "recall_median": 0.7961149606908403,
  "recall_mean": 0.6354047526402602,
  "reals_acc": 0.5365163457710618,
  "bucket_tiny_f1_median": 0.04542650933122375,
  "bucket_small_f1_median": 0.26491850235286096,
  "bucket_medium_f1_median": 0.5066248151389853,
  "bucket_large_f1_median": 0.5420262903506894
}