{
  "ai_boundary_threshold_clean_n_splice": 600.0,
  "ai_boundary_threshold_clean_n_real": 0.0,
  "ai_boundary_threshold_clean_f1": 0.9089869138177078,
  "ai_boundary_threshold_clean_f1_mean": 0.8017829547527154,
  "ai_boundary_threshold_clean_f1_tiny": 0.9392277429642067,
  "ai_boundary_threshold_clean_f1_small": 0.8911406452294766,
  "ai_boundary_threshold_clean_f1_medium": 0.9084615384615384,
  "ai_boundary_threshold_clean_f1_large": 0.9221464270135526,
  "ai_boundary_threshold_jpeg_90_n_splice": 600.0,
  "ai_boundary_threshold_jpeg_90_n_real": 0.0,
  "ai_boundary_threshold_jpeg_90_f1": 0.8946541705839256,
  "ai_boundary_threshold_jpeg_90_f1_mean": 0.777104617116541,
  "ai_boundary_threshold_jpeg_90_f1_tiny": 0.9247638032392641,
  "ai_boundary_threshold_jpeg_90_f1_small": 0.8802650078000116,
  "ai_boundary_threshold_jpeg_90_f1_medium": 0.8846919148371692,
  "ai_boundary_threshold_jpeg_90_f1_large": 0.9221479734594336,
  "ai_boundary_threshold_jpeg_70_n_splice": 600.0,
  "ai_boundary_threshold_jpeg_70_n_real": 0.0,
  "ai_boundary_threshold_jpeg_70_f1": 0.8696407369111966,
  "ai_boundary_threshold_jpeg_70_f1_mean": 0.7157112697363258,
  "ai_boundary_threshold_jpeg_70_f1_tiny": 0.8739657768256004,
  "ai_boundary_threshold_jpeg_70_f1_small": 0.8377629063097515,
  "ai_boundary_threshold_jpeg_70_f1_medium": 0.850611258604518,
  "ai_boundary_threshold_jpeg_70_f1_large": 0.91334864847194,
  "ai_boundary_threshold_jpeg_50_n_splice": 600.0,
  "ai_boundary_threshold_jpeg_50_n_real": 0.0,
  "ai_boundary_threshold_jpeg_50_f1": 0.8467184744228452,
  "ai_boundary_threshold_jpeg_50_f1_mean": 0.6584391460783297,
  "ai_boundary_threshold_jpeg_50_f1_tiny": 0.843512053207969,
  "ai_boundary_threshold_jpeg_50_f1_small": 0.7971889210417528,
  "ai_boundary_threshold_jpeg_50_f1_medium": 0.8241509433962264,
  "ai_boundary_threshold_jpeg_50_f1_large": 0.9103001642610768,
  "ai_boundary_threshold_jpeg_30_n_splice": 600.0,
  "ai_boundary_threshold_jpeg_30_n_real": 0.0,
  "ai_boundary_threshold_jpeg_30_f1": 0.7815827353240135,
  "ai_boundary_threshold_jpeg_30_f1_mean": 0.5893033612018548,
  "ai_boundary_threshold_jpeg_30_f1_tiny": 0.6955322591658236,
  "ai_boundary_threshold_jpeg_30_f1_small": 0.601507533484477,
  "ai_boundary_threshold_jpeg_30_f1_medium": 0.7838421868992854,
  "ai_boundary_threshold_jpeg_30_f1_large": 0.90189459439587,
  "ai_interior_threshold_clean_n_splice": 350.0,
  "ai_interior_threshold_clean_n_real": 0.0,
  "ai_interior_threshold_clean_f1": 0.3369106804597377,
  "ai_interior_threshold_clean_f1_mean": 0.42659388111226504,
  "ai_interior_threshold_clean_f1_small": 0.0,
  "ai_interior_threshold_clean_f1_medium": 0.19053381343135667,
  "ai_interior_threshold_clean_f1_large": 0.9443523845195445,
  "ai_interior_threshold_jpeg_90_n_splice": 350.0,
  "ai_interior_threshold_jpeg_90_n_real": 0.0,
  "ai_interior_threshold_jpeg_90_f1": 0.22270074542375345,
  "ai_interior_threshold_jpeg_90_f1_mean": 0.39465447798412745,
  "ai_interior_threshold_jpeg_90_f1_small": 0.0,
  "ai_interior_threshold_jpeg_90_f1_medium": 0.11050219538286263,
  "ai_interior_threshold_jpeg_90_f1_large": 0.9248591764944395,
  "ai_interior_threshold_jpeg_70_n_splice": 350.0,
  "ai_interior_threshold_jpeg_70_n_real": 0.0,
  "ai_interior_threshold_jpeg_70_f1": 0.0,
  "ai_interior_threshold_jpeg_70_f1_mean": 0.2679910531768513,
  "ai_interior_threshold_jpeg_70_f1_small": 0.0,
  "ai_interior_threshold_jpeg_70_f1_medium": 0.0,
  "ai_interior_threshold_jpeg_70_f1_large": 0.7428000527880989,
  "ai_interior_threshold_jpeg_50_n_splice": 350.0,
  "ai_interior_threshold_jpeg_50_n_real": 0.0,
  "ai_interior_threshold_jpeg_50_f1": 0.0,
  "ai_interior_threshold_jpeg_50_f1_mean": 0.21341963968873537,
  "ai_interior_threshold_jpeg_50_f1_small": 0.0,
  "ai_interior_threshold_jpeg_50_f1_medium": 0.0,
  "ai_interior_threshold_jpeg_50_f1_large": 0.3687260345791932,
  "ai_interior_threshold_jpeg_30_n_splice": 350.0,
  "ai_interior_threshold_jpeg_30_n_real": 0.0,
  "ai_interior_threshold_jpeg_30_f1": 0.0,
  "ai_interior_threshold_jpeg_30_f1_mean": 0.17133306202314721,
  "ai_interior_threshold_jpeg_30_f1_small": 0.0,
  "ai_interior_threshold_jpeg_30_f1_medium": 0.0,
  "ai_interior_threshold_jpeg_30_f1_large": 0.16394622382575086,
  "fr_bg_matched_threshold_clean_n_splice": 0.0,
  "fr_bg_matched_threshold_clean_n_real": 300.0,
  "fr_bg_matched_threshold_jpeg_90_n_splice": 0.0,
  "fr_bg_matched_threshold_jpeg_90_n_real": 300.0,
  "fr_bg_matched_threshold_jpeg_70_n_splice": 0.0,
  "fr_bg_matched_threshold_jpeg_70_n_real": 300.0,
  "fr_bg_matched_threshold_jpeg_50_n_splice": 0.0,
  "fr_bg_matched_threshold_jpeg_50_n_real": 300.0,
  "fr_bg_matched_threshold_jpeg_30_n_splice": 0.0,
  "fr_bg_matched_threshold_jpeg_30_n_real": 300.0,
  "real_crop_threshold_clean_n_splice": 0.0,
  "real_crop_threshold_clean_n_real": 350.0,
  "real_crop_threshold_jpeg_90_n_splice": 0.0,
  "real_crop_threshold_jpeg_90_n_real": 350.0,
  "real_crop_threshold_jpeg_70_n_splice": 0.0,
  "real_crop_threshold_jpeg_70_n_real": 350.0,
  "real_crop_threshold_jpeg_50_n_splice": 0.0,
  "real_crop_threshold_jpeg_50_n_real": 350.0,
  "real_crop_threshold_jpeg_30_n_splice": 0.0,
  "real_crop_threshold_jpeg_30_n_real": 350.0,
  "sp_boundary_threshold_clean_n_splice": 300.0,
  "sp_boundary_threshold_clean_n_real": 0.0,
  "sp_boundary_threshold_clean_f1": 0.8549293991423977,
  "sp_boundary_threshold_clean_f1_mean": 0.6872856266509128,
  "sp_boundary_threshold_clean_f1_tiny": 0.8084303530956947,
  "sp_boundary_threshold_clean_f1_small": 0.8765730670644287,
  "sp_boundary_threshold_clean_f1_medium": 0.8527516453753163,
  "sp_boundary_threshold_clean_f1_large": 0.2161538259751843,
  "sp_boundary_threshold_jpeg_90_n_splice": 300.0,
  "sp_boundary_threshold_jpeg_90_n_real": 0.0,
  "sp_boundary_threshold_jpeg_90_f1": 0.8426700667803338,
  "sp_boundary_threshold_jpeg_90_f1_mean": 0.6923144401089798,
  "sp_boundary_threshold_jpeg_90_f1_tiny": 0.8158764328264787,
  "sp_boundary_threshold_jpeg_90_f1_small": 0.882902068321713,
  "sp_boundary_threshold_jpeg_90_f1_medium": 0.8384066363337883,
  "sp_boundary_threshold_jpeg_90_f1_large": 0.3416491286150063,
  "sp_boundary_threshold_jpeg_70_n_splice": 300.0,
  "sp_boundary_threshold_jpeg_70_n_real": 0.0,
  "sp_boundary_threshold_jpeg_70_f1": 0.8485397289969627,
  "sp_boundary_threshold_jpeg_70_f1_mean": 0.6866519151595118,
  "sp_boundary_threshold_jpeg_70_f1_tiny": 0.8300240798699018,
  "sp_boundary_threshold_jpeg_70_f1_small": 0.8793218583479837,
  "sp_boundary_threshold_jpeg_70_f1_medium": 0.8634248929920463,
  "sp_boundary_threshold_jpeg_70_f1_large": 0.23679979419898387,
  "sp_boundary_threshold_jpeg_50_n_splice": 300.0,
  "sp_boundary_threshold_jpeg_50_n_real": 0.0,
  "sp_boundary_threshold_jpeg_50_f1": 0.838751539105668,
  "sp_boundary_threshold_jpeg_50_f1_mean": 0.648245722890872,
  "sp_boundary_threshold_jpeg_50_f1_tiny": 0.8643454839689986,
  "sp_boundary_threshold_jpeg_50_f1_small": 0.878921689276252,
  "sp_boundary_threshold_jpeg_50_f1_medium": 0.7643950403315511,
  "sp_boundary_threshold_jpeg_50_f1_large": 0.10689997166336072,
  "sp_boundary_threshold_jpeg_30_n_splice": 300.0,
  "sp_boundary_threshold_jpeg_30_n_real": 0.0,
  "sp_boundary_threshold_jpeg_30_f1": 0.8539564090378786,
  "sp_boundary_threshold_jpeg_30_f1_mean": 0.6137328862147889,
  "sp_boundary_threshold_jpeg_30_f1_tiny": 0.8604413850643338,
  "sp_boundary_threshold_jpeg_30_f1_small": 0.8757033388820867,
  "sp_boundary_threshold_jpeg_30_f1_medium": 0.6410993656233728,
  "sp_boundary_threshold_jpeg_30_f1_large": 0.1927198277008163,
  "sp_interior_threshold_clean_n_splice": 120.0,
  "sp_interior_threshold_clean_n_real": 0.0,
  "sp_interior_threshold_clean_f1": 0.0,
  "sp_interior_threshold_clean_f1_mean": 0.1546939162388132,
  "sp_interior_threshold_clean_f1_tiny": 0.463615939835248,
  "sp_interior_threshold_clean_f1_small": 0.0,
  "sp_interior_threshold_clean_f1_medium": 0.0,
  "sp_interior_threshold_clean_f1_large": 0.0,