{
  "ai_boundary_kmeans_clean_n_splice": 600.0,
  "ai_boundary_kmeans_clean_n_real": 0.0,
  "ai_boundary_kmeans_clean_f1": 0.7812090882427061,
  "ai_boundary_kmeans_clean_f1_mean": 0.6230722781974319,
  "ai_boundary_kmeans_clean_f1_tiny": 0.9095634162769923,
  "ai_boundary_kmeans_clean_f1_small": 0.7735825482895624,
  "ai_boundary_kmeans_clean_f1_medium": 0.7528800542127851,
  "ai_boundary_kmeans_clean_f1_large": 0.7536320463455064,
  "ai_boundary_kmeans_jpeg_90_n_splice": 600.0,
  "ai_boundary_kmeans_jpeg_90_n_real": 0.0,
  "ai_boundary_kmeans_jpeg_90_f1": 0.7594303571569948,
  "ai_boundary_kmeans_jpeg_90_f1_mean": 0.6056891778764837,
  "ai_boundary_kmeans_jpeg_90_f1_tiny": 0.8992614864846313,
  "ai_boundary_kmeans_jpeg_90_f1_small": 0.7503081606890919,
  "ai_boundary_kmeans_jpeg_90_f1_medium": 0.730130609976379,
  "ai_boundary_kmeans_jpeg_90_f1_large": 0.6173139332715933,
  "ai_boundary_kmeans_jpeg_70_n_splice": 600.0,
  "ai_boundary_kmeans_jpeg_70_n_real": 0.0,
  "ai_boundary_kmeans_jpeg_70_f1": 0.7122029095392766,
  "ai_boundary_kmeans_jpeg_70_f1_mean": 0.5795977755279572,
  "ai_boundary_kmeans_jpeg_70_f1_tiny": 0.8265104928099218,
  "ai_boundary_kmeans_jpeg_70_f1_small": 0.6844133779913596,
  "ai_boundary_kmeans_jpeg_70_f1_medium": 0.7204214805305947,
  "ai_boundary_kmeans_jpeg_70_f1_large": 0.649977998712097,
  "ai_boundary_kmeans_jpeg_50_n_splice": 600.0,
  "ai_boundary_kmeans_jpeg_50_n_real": 0.0,
  "ai_boundary_kmeans_jpeg_50_f1": 0.6770888791133001,
  "ai_boundary_kmeans_jpeg_50_f1_mean": 0.5621877581997815,
  "ai_boundary_kmeans_jpeg_50_f1_tiny": 0.8004258331399394,
  "ai_boundary_kmeans_jpeg_50_f1_small": 0.665592569776809,
  "ai_boundary_kmeans_jpeg_50_f1_medium": 0.6457177048300906,
  "ai_boundary_kmeans_jpeg_50_f1_large": 0.6540249126972628,
  "ai_boundary_kmeans_jpeg_30_n_splice": 600.0,
  "ai_boundary_kmeans_jpeg_30_n_real": 0.0,
  "ai_boundary_kmeans_jpeg_30_f1": 0.6013020457765155,
  "ai_boundary_kmeans_jpeg_30_f1_mean": 0.5448891833135524,
  "ai_boundary_kmeans_jpeg_30_f1_tiny": 0.7642228067972987,
  "ai_boundary_kmeans_jpeg_30_f1_small": 0.5503186245040279,
  "ai_boundary_kmeans_jpeg_30_f1_medium": 0.6255612434581177,
  "ai_boundary_kmeans_jpeg_30_f1_large": 0.6087488642185834,
  "ai_interior_kmeans_clean_n_splice": 350.0,
  "ai_interior_kmeans_clean_n_real": 0.0,
  "ai_interior_kmeans_clean_f1": 0.5597251830696393,
  "ai_interior_kmeans_clean_f1_mean": 0.5527228634334462,
  "ai_interior_kmeans_clean_f1_small": 0.5568393440253747,
  "ai_interior_kmeans_clean_f1_medium": 0.5611968734594216,
  "ai_interior_kmeans_clean_f1_large": 0.5318487494012873,
  "ai_interior_kmeans_jpeg_90_n_splice": 350.0,
  "ai_interior_kmeans_jpeg_90_n_real": 0.0,
  "ai_interior_kmeans_jpeg_90_f1": 0.5613633121223698,
  "ai_interior_kmeans_jpeg_90_f1_mean": 0.5645150965243467,
  "ai_interior_kmeans_jpeg_90_f1_small": 0.5611283368875501,
  "ai_interior_kmeans_jpeg_90_f1_medium": 0.5615098362948043,
  "ai_interior_kmeans_jpeg_90_f1_large": 0.561821142944487,
  "ai_interior_kmeans_jpeg_70_n_splice": 350.0,
  "ai_interior_kmeans_jpeg_70_n_real": 0.0,
  "ai_interior_kmeans_jpeg_70_f1": 0.5626539317352929,
  "ai_interior_kmeans_jpeg_70_f1_mean": 0.5651697098491566,
  "ai_interior_kmeans_jpeg_70_f1_small": 0.5335874406500261,
  "ai_interior_kmeans_jpeg_70_f1_medium": 0.5648382414338211,
  "ai_interior_kmeans_jpeg_70_f1_large": 0.561821142944487,
  "ai_interior_kmeans_jpeg_50_n_splice": 350.0,
  "ai_interior_kmeans_jpeg_50_n_real": 0.0,
  "ai_interior_kmeans_jpeg_50_f1": 0.5609074745944678,
  "ai_interior_kmeans_jpeg_50_f1_mean": 0.550931214348413,
  "ai_interior_kmeans_jpeg_50_f1_small": 0.5307944176786361,
  "ai_interior_kmeans_jpeg_50_f1_medium": 0.5623048013024268,
  "ai_interior_kmeans_jpeg_50_f1_large": 0.5201532093003185,
  "ai_interior_kmeans_jpeg_30_n_splice": 350.0,
  "ai_interior_kmeans_jpeg_30_n_real": 0.0,
  "ai_interior_kmeans_jpeg_30_f1": 0.5608244822882009,
  "ai_interior_kmeans_jpeg_30_f1_mean": 0.5486998396413373,
  "ai_interior_kmeans_jpeg_30_f1_small": 0.5339410928541679,
  "ai_interior_kmeans_jpeg_30_f1_medium": 0.5628920127023521,
  "ai_interior_kmeans_jpeg_30_f1_large": 0.49987124661636056,
  "fr_bg_matched_kmeans_clean_n_splice": 0.0,
  "fr_bg_matched_kmeans_clean_n_real": 300.0,
  "fr_bg_matched_kmeans_jpeg_90_n_splice": 0.0,
  "fr_bg_matched_kmeans_jpeg_90_n_real": 300.0,
  "fr_bg_matched_kmeans_jpeg_70_n_splice": 0.0,
  "fr_bg_matched_kmeans_jpeg_70_n_real": 300.0,
  "fr_bg_matched_kmeans_jpeg_50_n_splice": 0.0,
  "fr_bg_matched_kmeans_jpeg_50_n_real": 300.0,
  "fr_bg_matched_kmeans_jpeg_30_n_splice": 0.0,
  "fr_bg_matched_kmeans_jpeg_30_n_real": 300.0,
  "real_crop_kmeans_clean_n_splice": 0.0,
  "real_crop_kmeans_clean_n_real": 350.0,
  "real_crop_kmeans_jpeg_90_n_splice": 0.0,
  "real_crop_kmeans_jpeg_90_n_real": 350.0,
  "real_crop_kmeans_jpeg_70_n_splice": 0.0,
  "real_crop_kmeans_jpeg_70_n_real": 350.0,
  "real_crop_kmeans_jpeg_50_n_splice": 0.0,
  "real_crop_kmeans_jpeg_50_n_real": 350.0,
  "real_crop_kmeans_jpeg_30_n_splice": 0.0,
  "real_crop_kmeans_jpeg_30_n_real": 350.0,
  "sp_boundary_kmeans_clean_n_splice": 300.0,
  "sp_boundary_kmeans_clean_n_real": 0.0,
  "sp_boundary_kmeans_clean_f1": 0.9544550509658083,
  "sp_boundary_kmeans_clean_f1_mean": 0.7895588435884844,
  "sp_boundary_kmeans_clean_f1_tiny": 0.9439728560210102,
  "sp_boundary_kmeans_clean_f1_small": 0.9510448014241513,
  "sp_boundary_kmeans_clean_f1_medium": 0.9659508330784463,
  "sp_boundary_kmeans_clean_f1_large": 0.8883479597719557,
  "sp_boundary_kmeans_jpeg_90_n_splice": 300.0,
  "sp_boundary_kmeans_jpeg_90_n_real": 0.0,
  "sp_boundary_kmeans_jpeg_90_f1": 0.955228946733919,
  "sp_boundary_kmeans_jpeg_90_f1_mean": 0.7877356180203723,
  "sp_boundary_kmeans_jpeg_90_f1_tiny": 0.9442123319903402,
  "sp_boundary_kmeans_jpeg_90_f1_small": 0.9554329305466539,
  "sp_boundary_kmeans_jpeg_90_f1_medium": 0.9673546534196884,
  "sp_boundary_kmeans_jpeg_90_f1_large": 0.8871176493201942,
  "sp_boundary_kmeans_jpeg_70_n_splice": 300.0,
  "sp_boundary_kmeans_jpeg_70_n_real": 0.0,
  "sp_boundary_kmeans_jpeg_70_f1": 0.9543658632322338,
  "sp_boundary_kmeans_jpeg_70_f1_mean": 0.7827855119352763,
  "sp_boundary_kmeans_jpeg_70_f1_tiny": 0.9470613891992591,
  "sp_boundary_kmeans_jpeg_70_f1_small": 0.9539801638637344,
  "sp_boundary_kmeans_jpeg_70_f1_medium": 0.9660261991964751,
  "sp_boundary_kmeans_jpeg_70_f1_large": 0.8808455453248606,
  "sp_boundary_kmeans_jpeg_50_n_splice": 300.0,
  "sp_boundary_kmeans_jpeg_50_n_real": 0.0,
  "sp_boundary_kmeans_jpeg_50_f1": 0.9553040078906667,
  "sp_boundary_kmeans_jpeg_50_f1_mean": 0.7796966822593371,
  "sp_boundary_kmeans_jpeg_50_f1_tiny": 0.9524016746242068,
  "sp_boundary_kmeans_jpeg_50_f1_small": 0.9551458039623062,
  "sp_boundary_kmeans_jpeg_50_f1_medium": 0.9627596493152651,
  "sp_boundary_kmeans_jpeg_50_f1_large": 0.7777245745643037,
  "sp_boundary_kmeans_jpeg_30_n_splice": 300.0,
  "sp_boundary_kmeans_jpeg_30_n_real": 0.0,
  "sp_boundary_kmeans_jpeg_30_f1": 0.9455039237801399,
  "sp_boundary_kmeans_jpeg_30_f1_mean": 0.7460938720613555,
  "sp_boundary_kmeans_jpeg_30_f1_tiny": 0.9429427543799656,
  "sp_boundary_kmeans_jpeg_30_f1_small": 0.9465338565248013,
  "sp_boundary_kmeans_jpeg_30_f1_medium": 0.9589367639432375,
  "sp_boundary_kmeans_jpeg_30_f1_large": 0.785633560003831,
  "sp_interior_kmeans_clean_n_splice": 120.0,
  "sp_interior_kmeans_clean_n_real": 0.0,
  "sp_interior_kmeans_clean_f1": 0.5141488437065234,
  "sp_interior_kmeans_clean_f1_mean": 0.5148977538881115,
  "sp_interior_kmeans_clean_f1_tiny": 0.8493529956393139,
  "sp_interior_kmeans_clean_f1_small": 0.5111499282682946,
  "sp_interior_kmeans_clean_f1_medium": 0.5161573357859933,
  "sp_interior_kmeans_clean_f1_large": 0.5147621298723624,
  "sp_interior_kmeans_jpeg_90_n_splice": 120.0,
  "sp_interior_kmeans_jpeg_90_n_real": 0.0,
  "sp_interior_kmeans_jpeg_90_f1": 0.5345285000890958,
  "sp_interior_kmeans_jpeg_90_f1_mean": 0.519726603819406,