{
  "image_auc": 0.6088612004545402,
  "f1_median": 0.12710846661935696,
  "f1_mean": 0.25319028715492925,
  "iou_median": 0.06786750025503141,
  "iou_mean": 0.18768739869525147,
  "precision_median": 0.0726946592087509,
  "precision_mean": 0.25127798404364715,
  "recall_median": 0.5614366729678639,
  "recall_mean": 0.521003660903348,
  "reals_acc": 0.62511919122533,
  "bucket_tiny_f1_median": 0.04114160236363749,
  "bucket_small_f1_median": 0.2129829276168453,
  "bucket_medium_f1_median": 0.4234105076047714,
  "bucket_large_f1_median": 0.4513097745635715
}