{
  "image_auc": 0.9693339038653545,
  "f1_median": 0.7355691310310435,
  "f1_mean": 0.6253195403726379,
  "iou_median": 0.5817393019128377,
  "iou_mean": 0.5284753412495007,
  "precision_median": 0.7460883289341207,
  "precision_mean": 0.5982553579855482,
  "recall_median": 0.9277211891507758,
  "recall_mean": 0.8032045304746855,
  "reals_acc": 0.6135738784843205,
  "bucket_tiny_f1_median": 0.6918933514185349,
  "bucket_small_f1_median": 0.7853285561974266,
  "bucket_medium_f1_median": 0.8353666953354781,
  "bucket_large_f1_median": 0.6002284814416115
}